Dataset,Model,Disc_Score_PaperScale,Pred_TSTR_MAE,Pred_TRTR_MAE,Pred_TSTR_TRTR_Ratio,MMD,AA_test,AA_train,NNAA_Paper
mimic3,timediff,0.2603,0.011439,0.009969,1.1475,0.026004,0.6378,0.6285,0.0092
mimic4,timediff,0.3442,0.011852,0.010859,1.0914,0.023437,0.6875,0.6798,0.0077
eicu,timediff,0.2216,0.009098,0.007258,1.2534,0.077099,0.6312,0.6318,0.0005
mimic3,timediff,0.2888,0.012546,0.010015,1.2528,0.021891,0.626,0.6182,0.0078
mimic4,timediff,0.364,0.012167,0.01072,1.135,0.021542,0.6875,0.7,0.0125
eicu,timediff,0.2397,0.009318,0.008075,1.1539,0.068274,0.6325,0.6318,0.0008
mimic3,timediff,0.2831,0.011527,0.009999,1.1528,0.024002,0.6202,0.6233,0.003
mimic4,timediff,0.3685,0.012215,0.010645,1.1475,0.021468,0.6758,0.6883,0.0125
eicu,timediff,0.2177,0.009817,0.007384,1.3294,0.072571,0.6378,0.637,0.0008
mimic3,timediff,0.2915,0.011742,0.009847,1.1924,0.024505,0.6245,0.6255,0.001
mimic4,timediff,0.3592,0.012806,0.011245,1.1389,0.02127,0.681,0.6827,0.0017
eicu,timediff,0.2359,0.009485,0.007475,1.2688,0.076452,0.6395,0.6185,0.021
mimic3,timediff,0.2588,0.011382,0.010362,1.0985,0.024923,0.6335,0.629,0.0045
mimic4,timediff,0.3718,0.01184,0.010651,1.1116,0.023086,0.6775,0.6767,0.0008
eicu,timediff,0.2392,0.009965,0.00797,1.2503,0.07586,0.6358,0.6427,0.007
mimic3,timediff,0.2679,0.01139,0.010238,1.1126,0.024365,0.626,0.6252,0.0008
mimic4,timediff,0.3625,0.011565,0.010427,1.1092,0.023157,0.6747,0.6795,0.0048
eicu,timediff,0.2232,0.009579,0.007294,1.3132,0.071068,0.649,0.6233,0.0257
mimic3,timediff,0.2675,0.011744,0.010547,1.1134,0.022759,0.6322,0.6378,0.0055
mimic4,timediff,0.3698,0.01216,0.011759,1.0341,0.024446,0.6913,0.69,0.0013
eicu,timediff,0.2523,0.009356,0.008,1.1694,0.07713,0.642,0.6418,0.0002
mimic3,timediff,0.2869,0.011478,0.010334,1.1107,0.02314,0.6307,0.6222,0.0085
mimic4,timediff,0.3638,0.011613,0.010954,1.0602,0.025077,0.681,0.6743,0.0068
eicu,timediff,0.2452,0.009797,0.007362,1.3308,0.071617,0.6385,0.6325,0.006
mimic3,timediff,0.2915,0.011189,0.010081,1.1099,0.023346,0.629,0.6288,0.0002
mimic4,timediff,0.359,0.012111,0.010837,1.1175,0.022055,0.6912,0.683,0.0082
eicu,timediff,0.2419,0.009363,0.007315,1.28,0.079916,0.6272,0.6302,0.003
mimic3,timediff,0.3356,0.011117,0.010057,1.1054,0.021584,0.6265,0.6232,0.0033
mimic4,timediff,0.3478,0.012722,0.011101,1.146,0.022894,0.6685,0.6738,0.0053
eicu,timediff,0.2172,0.009406,0.007163,1.3131,0.062663,0.6293,0.6162,0.013
